Title,Price,Location,Price_cleaned,Rooms,Area,Area_from_title,District
"Продается Квартира ЖК Шахриобод 60кв,м",92 000 у.е.,"Ташкент, Мирзо-Улугбекский район - Сегодня в 07:29",92000.0,,60.0,60.0,Boshqa
"Скидка 20%, 1 комн.-29,47 кв.м., Мирабадский , Ипотека, 7млн\мес  (XS)",47 700 у.е.,"Ташкент, Мирабадский район - Сегодня в 07:28",47700.0,,29.47,29.47,Boshqa
Квартира  Ц-5 Финансовый институт 4/5/6 212 кв.м,315 000 у.е.,"Ташкент, Юнусабадский район - Сегодня в 07:28",315000.0,,212.0,212.0,Boshqa
Парк Ашхабад 144м2 4/5/9 Новый ремонт,330 000 у.е.,"Ташкент, Яшнабадский район - Сегодня в 07:28",330000.0,,144.0,144.0,Boshqa
Тузел 2  возле Карзинка 4комеатная 2етаж не торец +мебел техники 90квм,87 000 у.е.Договорная,"Ташкент, Яшнабадский район - Сегодня в 07:28",87000.0,,90.0,90.0,Boshqa
Квартира РОВД Ул. Бабура 3/6/6 73 кв.м,124 000 у.е.,"Ташкент, Яккасарайский район - Сегодня в 07:28",124000.0,,73.0,73.0,Boshqa
"СРОЧНО ПРОДАЁТСЯ 4/6/10 квартира в Новостройке 
Ориентир 8 роддом 
Ул.",195 000 у.е.Договорная,"Ташкент, Яккасарайский район - Сегодня в 07:28",195000.0,,10.0,10.0,Boshqa
"3в4-комнатная 74 м², Мирабадский район, метро Ойбек, Angel’s Food",158 000 у.е.Договорная,"Ташкент, Мирабадский район - Сегодня в 04:32",158000.0,,74.0,74.0,Boshqa
Продажа Ттз-1 210-Школа 2_3_4  Балкон1.5Х6 51м2 Цена:56.500у.е Чистая,56 500 у.е.Договорная,"Ташкент, Мирзо-Улугбекский район - 05 февраля 2026 г.",56500.0,,51.0,51.0,Boshqa
Малика 3/9-10/10 93+93м2 С ремонтом,229 000 у.е.,"Ташкент, Юнусабадский район - Сегодня в 07:27",229000.0,,93.0,93.0,Boshqa
"4/4/16  Паркентский новостройка 90 кв.,",135 000 у.е.,"Ташкент, Яшнабадский район - Сегодня в 07:26",135000.0,,90.0,90.0,Boshqa
Продается  Чилонзор23 кв 1/8/8 мансардный потолок (Гулшен id 111830),55 000 у.е.,"Ташкент, Учтепинский район - Сегодня в 07:26",55000.0,,23.0,23.0,Boshqa
Ц-6 Новостройка ЖК Казахстан 3х-комн 90квм,200 000 у.е.,"Ташкент, Юнусабадский район - Сегодня в 07:26",200000.0,,90.0,90.0,Boshqa
Жилой Комплекс Парквуд 4х-комнатная квартира 147квм,500 000 у.е.,"Ташкент, Мирабадский район - Сегодня в 07:26",500000.0,,147.0,147.0,Boshqa
2-комнатная с ремонтом в ЖК Tower Up — 990 $/м² | 55 м²,54 450 у.е.,"Ташкент, Сергелийский район - 04 февраля 2026 г.",54450.0,,55.0,55.0,Boshqa
Ойбек метро Angels Food 4/5/9 (100м2) Улучшенка СРОЧНО!,155 000 у.е.,"Ташкент, Мирабадский район - Сегодня в 07:25",155000.0,,100.0,100.0,Boshqa
ЖК Oz Mahal 2-комн 50м2‼️Ул. Новомосковская-Аккурган,125 000 у.е.Договорная,"Ташкент, Мирабадский район - Сегодня в 07:25",125000.0,,50.0,50.0,Boshqa
ЖК Oq Saroy 3-х комнатная 60м2 ‼️Ул. Паркентская Макро,139 000 у.е.Договорная,"Ташкент, Мирзо-Улугбекский район - Сегодня в 07:25",139000.0,,60.0,60.0,Boshqa
"Ориентир Саёхат, 2-комнатная, 60 м²",78 000 у.е.,"Ташкент, Мирабадский район - Сегодня в 07:25",78000.0,,60.0,60.0,Boshqa
"3-комнатная, 72 м², Карасу-3",77 000 у.е.,"Ташкент, Мирзо-Улугбекский район - Сегодня в 07:25",77000.0,,72.0,72.0,Boshqa
Ойбек 4 этаж 95 кв,152 352 у.е.Договорная,"Ташкент, Мирабадский район - 05 февраля 2026 г.",152352.0,,95.0,95.0,Boshqa
Можно под офис 6/1/9 Буюк Ипак Йули 155м2,250 000 у.е.,"Ташкент, Мирзо-Улугбекский район - Сегодня в 07:25",250000.0,,155.0,155.0,Boshqa
Жарарык Карзинка Срочно 5/9/9. 112квадратов раздельная,89 900 у.е.,"Ташкент, Шайхантахурский район - Сегодня в 07:24",89900.0,,112.0,112.0,Boshqa
Бобура 110м2 4/8/9 Срочно Ор-р РОВД,130 000 у.е.,"Ташкент, Яккасарайский район - Сегодня в 07:24",130000.0,,110.0,110.0,Boshqa
Ойбек 80м2 3/3/4 Кирпичный Ор-р Ипак Йули Банк,140 000 у.е.,"Toshkent, Mirobod tumani - Bugunda 07:23",140000.0,,80.0,80.0,Mirobod
"2-комнатная у метро Горького — ремонт, 2 санузла, парковка 64 кв.м",67 700 у.е.,"Toshkent, Mirzo-Ulug‘bek tumani - Bugunda 07:23",67700.0,,64.0,64.0,Mirzo-Ulug‘bek
1 ком квартиру. 1/4 кирпич. Ремонт огород. Галерея.СЕРГЕЛИ 2.  33 М2,40 800 у.е.Kelishilgan,"Toshkent, Sirg‘ali tumani - Bugunda 07:23",40800.0,,33.0,33.0,Boshqa
Chilonzor 19 kv 2³/1/4,61 000 у.е.Kelishilgan,"Toshkent, Chilonzor tumani - Bugunda 07:23",61000.0,,19.0,19.0,Chilonzor
3/3/5 2х6 кирпич Массив Феруза 67м2,90 000 у.е.,"Toshkent, Mirzo-Ulug‘bek tumani - Bugunda 07:23",90000.0,,67.0,67.0,Mirzo-Ulug‘bek
"жк Zarafshan City, НОВОСТРОЙКА  3/5/14  96м²",137 500 у.е.,"Toshkent, Yakkasaroy tumani - Bugunda 07:23",137500.0,,96.0,96.0,Yakkasaroy
ЖК City Tower Group 1/12/16 42м2,79 000 у.е.,"Toshkent, Mirobod tumani - Bugunda 07:22",79000.0,,42.0,42.0,Mirobod
Продается квартира чилонзор 17 кв,65 000 у.е.Kelishilgan,"Toshkent, Chilonzor tumani - Bugunda 07:21",65000.0,,17.0,17.0,Chilonzor
Срочная продажа ЖК Парисиен 2/5/8 евроремонт 54м2 / с арендатором,139 000 у.е.,"Toshkent, Yakkasaroy tumani - 04/02/2026",139000.0,,54.0,54.0,Yakkasaroy
1/4/5 2х6 Массив Феруза 40м2,50 000 у.е.,"Toshkent, Mirzo-Ulug‘bek tumani - Bugunda 07:21",50000.0,,40.0,40.0,Mirzo-Ulug‘bek
"Мирзо-Улугбекский р-н, Карасу-1, 2/3/4, 60 кв.м, ЗАФАР (ID-101739)",85 000 у.е.,"Toshkent, Mirzo-Ulug‘bek tumani - Bugunda 07:21",85000.0,,60.0,60.0,Mirzo-Ulug‘bek
Срочна Продаётся  ЖК Сити Молл Новостройка 3 ком  90m2,165 000 у.е.,"Toshkent, Yakkasaroy tumani - 05/02/2026",165000.0,,90.0,90.0,Yakkasaroy
"Чиланзар 26 квартал 2/5/5 Кирпичный дом, смежка, балкон 2*6",55 500 у.е.Kelishilgan,"Toshkent, Chilonzor tumani - Bugunda 07:19",55500.0,,26.0,26.0,Chilonzor
Supper Arzon ‼️ NRG JOMIY  3 xona 107m2,1 170 у.е.,"Toshkent, Shayxontohur tumani - 05/02/2026",1170.0,3.0,107.0,107.0,Shayxontohur
ЖК Соларис 2/7/10 55м2,88 000 у.е.,"Toshkent, Yashnobod tumani - Bugunda 07:18",88000.0,,55.0,55.0,Yashnobod
MIRABAD AVENUE 3/6/11  новый ремонт / 64м2,270 000 у.е.,"Toshkent, Mirobod tumani - Bugunda 07:17",270000.0,,64.0,64.0,Mirobod
Расрочка .Квартира 61м2 в ЖК Триумф резиденс.,50 000 у.е.,"Toshkent, Yashnobod tumani - Bugunda 07:17",50000.0,,61.0,61.0,Yashnobod
Срочно.Продажа 2/1/4 Чиланзар 8 квартал,76 000 у.е.,"Toshkent, Chilonzor tumani - 05/02/2026",76000.0,,8.0,8.0,Chilonzor
"9 Квартал Чилонзор  3-4 комнат 1 Этаж Атлас, Медиапарк,Райхон ресторан",85 000 у.е.,"Toshkent, Chilonzor tumani - Bugunda 05:48",85000.0,,9.0,9.0,Chilonzor
"Sergeli Yangi Darxon 2 ,2/3/16, 55 kv Jihozi bn накд ёки Ипотекага",58 000 у.е.Kelishilgan,"Toshkent, Sirg‘ali tumani - Bugunda 07:16",58000.0,,55.0,55.0,Boshqa
2/8/10 55м2 OzMahal от Golden House,124 500 у.е.,"Toshkent, Mirzo-Ulug‘bek tumani - Bugunda 07:15",124500.0,,55.0,55.0,Mirzo-Ulug‘bek
MODERA TOWERS 3/8/25 новый ремонт / 75м2 / Ш Руставели,280 000 у.е.,"Toshkent, Mirobod tumani - Bugunda 07:15",280000.0,,75.0,75.0,Mirobod
Юнусабад 4 квартал 3/3/4 раздельная чистая,83 500 у.е.Kelishilgan,"Toshkent, Yunusobod tumani - Bugunda 07:15",83500.0,,4.0,4.0,Yunusobod
"М. Улугбек.р.  Учхоз 77-серия
4/3/4/.85 кв.
Ремонт йук.
Цена -67 000$.",68 000 у.е.,"Toshkent, Mirzo-Ulug‘bek tumani - 04/02/2026",68000.0,,85.0,85.0,Mirzo-Ulug‘bek
На Лисунова Шикарная квартира 56м²,80 000 у.е.,"Toshkent, Yashnobod tumani - Bugunda 07:15",80000.0,,56.0,56.0,Yashnobod
Юнусабад 2 квартал 1/4/4 квадрат 36м²,33 500 у.е.Kelishilgan,"Toshkent, Yunusobod tumani - Bugunda 07:15",33500.0,,2.0,2.0,Yunusobod
Сергели 1 . Дуплекс 6/7  200 квадрат Кирпич,105 000 у.е.,"Toshkent, Sirg‘ali tumani - Bugunda 07:14",105000.0,,200.0,200.0,Boshqa
"5/1-0/9, 160м² дуплекс, Махтумкули New Life, можно под нежилой",200 000 у.е.Kelishilgan,"Toshkent, Yashnobod tumani - Bugunda 03:45",200000.0,,160.0,160.0,Yashnobod
"ПРОДАЖА КВАРТИРЫ!2х комн,53м2|ЖК «Yunusabad Residence».   СНУ",100 000 у.е.Kelishilgan,"Toshkent, Yunusobod tumani - Bugunda 07:14",100000.0,,53.0,53.0,Yunusobod
"2/2/5 40м2 Мирзо Улугбекский район, Новомосковская , ор-р кафе вечер.",68 000 у.е.Kelishilgan,"Toshkent, Mirzo-Ulug‘bek tumani - Bugunda 07:13",68000.0,,40.0,40.0,Mirzo-Ulug‘bek
2 хона ремонтли 55 м2 Сергелийский район,54 450 у.е.,"Toshkent, Sirg‘ali tumani - 04/02/2026",54450.0,2.0,55.0,55.0,Boshqa
"Яшнобод рай, Олмос мах, 10этаж,3 хон, 68кв.м",68 000 у.е.Kelishilgan,"Toshkent, Yashnobod tumani - 05/02/2026",68000.0,3.0,68.0,68.0,Yashnobod
Продаётся 1/2/5 квартира на Юнус-Абад-14 ориентир Самара,54 500 у.е.Kelishilgan,"Toshkent, Yunusobod tumani - Bugunda 07:13",54500.0,,5.0,5.0,Yunusobod
Юнусобод 8кв 2*3комнатная +мебель техники вдоль дороги,58 900 у.е.Kelishilgan,"Toshkent, Yunusobod tumani - Bugunda 07:13",58900.0,,8.0,8.0,Yunusobod
Срочно продаётся 2/3/4 квартира массив Фируза 56000,56 000 у.е.,"Toshkent, Mirzo-Ulug‘bek tumani - Bugunda 07:12",56000.0,,4.0,4.0,Mirzo-Ulug‘bek
"ЖК Ассалом Сохил, 1/5/16, (30м2) с ремонтом Срочно",45 500 у.е.,"Toshkent, Yashnobod tumani - Bugunda 07:02",45500.0,,30.0,30.0,Yashnobod
ЖК Nukus Avenue 4-х комнатная 98м2 ‼️Ул. Нукусская,142 000 у.е.Kelishilgan,"Toshkent, Yakkasaroy tumani - Bugunda 07:12",142000.0,,98.0,98.0,Yakkasaroy
"2-х комнатная 50кв.м. 4 этаж-53.000 с ремонтом, техника, мебель Водник",53 000 у.е.Kelishilgan,"Toshkent, Bektemir tumani - 05/02/2026",53000.0,,50.0,50.0,Bektemir
СВОЯ!!! Чиланзар 1 квартал 1/2/4,55 500 у.е.,"Toshkent, Chilonzor tumani - Bugunda 07:10",55500.0,,1.0,1.0,Chilonzor
"Продаётся, своя 3/5/5, 103м² на Садык-Азимова. Есть лифт.",195 000 у.е.,"Toshkent, Yashnobod tumani - Bugunda 07:10",195000.0,,103.0,103.0,Yashnobod
"Продаётся 3/4/5, 93m2 (коробка) ЖК YUGNAKIY, Мирзо-Улугбекский район",85 000 у.е.Kelishilgan,"Toshkent, Mirzo-Ulug‘bek tumani - 05/02/2026",85000.0,,93.0,93.0,Mirzo-Ulug‘bek
Юнусабад 2 квартал 4/3/7 112м2 С ремонтом,175 000 у.е.Kelishilgan,"Toshkent, Yunusobod tumani - Bugunda 07:09",175000.0,,2.0,2.0,Yunusobod
Госпитальный Нукусская 3комнат//7 этаж//12этажке площадь 95м2,155 000 у.е.,"Toshkent, Mirobod tumani - Bugunda 07:09",155000.0,,95.0,95.0,Mirobod
"2-комн в НОВОСТРОЙКЕ ЖК Сагбан, 52,6м2 с Ремонтом, Кадастр",75 000 у.е.,"Toshkent, Olmazor tumani - Bugunda 07:09",75000.0,,52.6,52.6,Olmazor
Квартира Буз-2 2/1/5 36 кв.м,51 500 у.е.,"Toshkent, Mirzo-Ulug‘bek tumani - Bugunda 07:08",51500.0,,36.0,36.0,Mirzo-Ulug‘bek
Юнусобод 8кв вдол дароги 2*3комнатная мебел техники,58 500 у.е.Kelishilgan,"Toshkent, Yunusobod tumani - Bugunda 07:08",58500.0,,8.0,8.0,Yunusobod
Продается Чиланзар 11 квартал,46 000 у.е.Kelishilgan,"Toshkent, Chilonzor tumani - 05/02/2026",46000.0,,11.0,11.0,Chilonzor
Юнусабад-9 банковской планировкой 4в5\2\4 квартира с 124м2,130 000 у.е.Kelishilgan,"Toshkent, Yunusobod tumani - Bugunda 07:08",130000.0,,4.0,4.0,Yunusobod
"Продажа Квартиры!2х комнатная, 64м2|КЛУБНЫЙ ДОМ| Ташсельмаш  США",95 000 у.е.Kelishilgan,"Toshkent, Yashnobod tumani - Bugunda 07:07",95000.0,,64.0,64.0,Yashnobod
Продаётся 2/9/9 Юнусабад 4кв/л Паспортный стол,60 000 у.е.,"Toshkent, Yunusobod tumani - Bugunda 07:06",60000.0,,4.0,4.0,Yunusobod
Квартира Ж/К BI Sado 2/3/9 63 кв.м,115 000 у.е.,"Toshkent, Yashnobod tumani - Bugunda 07:06",115000.0,,63.0,63.0,Yashnobod
Новостройка NRG 3/4/10-94 кв.м. Карасу,210 000 у.е.Kelishilgan,"Toshkent, Mirzo-Ulug‘bek tumani - 30/01/2026",210000.0,,94.0,94.0,Mirzo-Ulug‘bek
Срочно Продаётся Новостройка жк SEOUL MUN дуплекс 8-комн 310м2 next,435 555 у.е.Kelishilgan,"Toshkent, Yakkasaroy tumani - Bugunda 07:06",435555.0,,310.0,310.0,Yakkasaroy
Метро Хамза 3-х комнатная 11 этаж 75м2  (74.500$),74 500 у.е.,"Toshkent, Chilonzor tumani - Bugunda 07:06",74500.0,,75.0,75.0,Chilonzor
ЖК Assalom Sohil 1-комнатная 30м2 ‼️ УзБум,59 500 у.е.Kelishilgan,"Toshkent, Yashnobod tumani - Bugunda 07:06",59500.0,,30.0,30.0,Yashnobod
СРОЧНО‼️2 комнатный сделили 3 квартира чиланзар 24 квартал,56 500 у.е.Kelishilgan,"Toshkent, Chilonzor tumani - Bugunda 07:05",56500.0,,3.0,3.0,Chilonzor
"Квартира Ж/К Imperial Club 2/7/13 47,50 кв.м",98 000 у.е.,"Toshkent, Yunusobod tumani - Bugunda 07:05",98000.0,,47.5,47.5,Yunusobod
Продаётся квартира в новостройке 38.5kv,35 000 у.е.,"Toshkent, Sirg‘ali tumani - Bugunda 07:03",35000.0,,38.5,38.5,Boshqa
"Мирзо-Улугбекский р-н, Карасу-1, 2/2/4, 60 кв, ЗАФАР (ID-113677)",98 000 у.е.,"Toshkent, Mirzo-Ulug‘bek tumani - Bugunda 07:03",98000.0,,60.0,60.0,Mirzo-Ulug‘bek
Продаётся 4/3/7 квартира в ЖК Grand Akkurgan Resident! Ул Аккурганская,195 000 у.е.Kelishilgan,"Toshkent, Mirzo-Ulug‘bek tumani - Bugunda 07:03",195000.0,,7.0,7.0,Mirzo-Ulug‘bek
"Продаётся 3/5/12 квартира в ЖК Glinka Premium, ор рест Hamdi Usta",167 000 у.е.Kelishilgan,"Toshkent, Yakkasaroy tumani - Bugunda 07:03",167000.0,,12.0,12.0,Yakkasaroy
ЖК NRG Qorasuv  1-комн 45м2 ‼️ Мирзо-Улугбекский,77 000 у.е.Kelishilgan,"Toshkent, Mirobod tumani - Bugunda 07:03",77000.0,,45.0,45.0,Mirobod
Квартира Ж/К Oq Saroy 3/8/8 60 кв.м,139 000 у.е.,"Toshkent, Mirzo-Ulug‘bek tumani - Bugunda 07:02",139000.0,,60.0,60.0,Mirzo-Ulug‘bek
"ЖК Ассалом Сохил, 1/5/16, (30м2) с ремонтом Срочно",45 500 у.е.,"Toshkent, Yashnobod tumani - Bugunda 07:02",45500.0,,30.0,30.0,Yashnobod
Срочно коробка 128 кв. Сквозная. Два по 64 кв. Бок о бок. Б блок,1 200 у.е.Kelishilgan,"Toshkent, Yakkasaroy tumani - 25/01/2026",1200.0,,128.0,128.0,Yakkasaroy
Продается Квартира 4/3/4 100м2 на м. Космонавтов / МВД Корзинка,198 000 у.е.Kelishilgan,"Toshkent, Yakkasaroy tumani - Bugunda 07:01",198000.0,,100.0,100.0,Yakkasaroy
Продам 2 ком Юнусабад 13 квартал,56 500 у.е.,"Toshkent, Yunusobod tumani - Bugunda 07:01",56500.0,,13.0,13.0,Yunusobod
Яшнабад! 2 комнатная Ок-Уй в новостройке  ( 66 квм),47 000 у.е.,"Toshkent, Yashnobod tumani - Bugunda 07:01",47000.0,,66.0,66.0,Yashnobod
3/6/9 Юнусабад-14 Петушок Корзинка | Франция | 72 м²,75 500 у.е.,"Toshkent, Yunusobod tumani - Bugunda 07:00",75500.0,,72.0,72.0,Yunusobod
Продается 2/5/5 Паркентский Новостройка 78м2,85 000 у.е.,"Toshkent, Mirzo-Ulug‘bek tumani - Bugunda 07:00",85000.0,,78.0,78.0,Mirzo-Ulug‘bek
Квартира Ж/К Oq Saroy 4/8/8 81 кв.м,179 000 у.е.,"Toshkent, Mirzo-Ulug‘bek tumani - Bugunda 07:00",179000.0,,81.0,81.0,Mirzo-Ulug‘bek
ЖК Parkent Avenue 2-х комнатная 72м2 ‼️ ул. Паркент,110 000 у.е.Kelishilgan,"Toshkent, Mirzo-Ulug‘bek tumani - Bugunda 07:00",110000.0,,72.0,72.0,Mirzo-Ulug‘bek
Новостройка 3/6/25 Карасу Мечеть авайхон 95м2,95 000 у.е.,"Toshkent, Mirzo-Ulug‘bek tumani - Bugunda 07:00",95000.0,,95.0,95.0,Mirzo-Ulug‘bek
"Продаётся Своя - 42.6m2 ( коробка ) ЖК YUGNAKIY, Мирзо-Улугбекский р.",41 000 у.е.,"Toshkent, Mirzo-Ulug‘bek tumani - 04/02/2026",41000.0,,42.6,42.6,Mirzo-Ulug‘bek
Новостройка Паркентский 3/4/5 Кирпич 78м2,94 000 у.е.,"Toshkent, Mirzo-Ulug‘bek tumani - Bugunda 07:00",94000.0,,78.0,78.0,Mirzo-Ulug‘bek
Продается своя квартира 2в3/1/2. 50кв.м. Джаркурганская. 57000 у.е.,57 000 у.е.Kelishilgan,"Toshkent, Yashnobod tumani - Bugunda 06:59",57000.0,,50.0,50.0,Yashnobod
Новостройка Буз базар 2/4/9 Евроремонт 45м2,110 000 у.е.,"Toshkent, Mirzo-Ulug‘bek tumani - Bugunda 06:59",110000.0,,45.0,45.0,Mirzo-Ulug‘bek
1-комн на Сайраме Буз базар (Максим Горький) 25м2,35 000 у.е.,"Toshkent, Mirzo-Ulug‘bek tumani - Bugunda 06:59",35000.0,,25.0,25.0,Mirzo-Ulug‘bek
Новостройка Ассалом Солих 1/2/16 Евроремонт 30м2,47 000 у.е.,"Toshkent, Mirzo-Ulug‘bek tumani - Bugunda 06:59",47000.0,,30.0,30.0,Mirzo-Ulug‘bek
Квартира Ж/К Eco Smart Home 2/3/9 38 кв.м,65 000 у.е.,"Toshkent, Mirzo-Ulug‘bek tumani - Bugunda 06:59",65000.0,,38.0,38.0,Mirzo-Ulug‘bek
Продаю 1/1/4 Юнусабад 8 кв. Подвал есть  цена: 50000 уе Ипотека можно,50 000 у.е.Kelishilgan,"Toshkent, Yunusobod tumani - 05/02/2026",50000.0,,8.0,8.0,Yunusobod
Продажа 1 комнатная квартира в Сергели 1 38 м² 3 этаж рядом метро,37 000 у.е.Kelishilgan,"Toshkent, Sirg‘ali tumani - Bugunda 06:59",37000.0,,38.0,38.0,Boshqa
Квартира Ж/К Oq Saroy 3/2/9 85 кв.м,155 000 у.е.,"Toshkent, Mirzo-Ulug‘bek tumani - Bugunda 06:58",155000.0,,85.0,85.0,Mirzo-Ulug‘bek
Срочно 3ком 78 кв.м Ахмад Югнакий TTЗ №Г227,75 000 у.е.,"Toshkent, Mirzo-Ulug‘bek tumani - Bugunda 06:58",75000.0,,78.0,78.0,Mirzo-Ulug‘bek
"СРОЧНО! ПРОДАЁТСЯ 4/10/14 квартира в Новостройке на Ц-1 
ул.С.Азимова",356 000 у.е.Kelishilgan,"Toshkent, Mirobod tumani - Bugunda 06:56",356000.0,,14.0,14.0,Mirobod
ПРОДАЕТСЯ Квартира В ЖК Янги Бахт 40 кв.м. 1 комната,55 000 у.е.,"Toshkent, Yashnobod tumani - Bugunda 06:56",55000.0,,40.0,40.0,Yashnobod
"ПРОДАЕТСЯ КВАРТИРА!3х комн,55м2|Новомосковская   СНУ",128 000 у.е.Kelishilgan,"Toshkent, Mirzo-Ulug‘bek tumani - Bugunda 06:56",128000.0,,55.0,55.0,Mirzo-Ulug‘bek
Продаётся 3ком ЖК Darkhan Avenue 97квм ор-р: Дархан,280 000 у.е.Kelishilgan,"Toshkent, Mirzo-Ulug‘bek tumani - Bugunda 06:55",280000.0,,97.0,97.0,Mirzo-Ulug‘bek
ЖК Green Island 2-комн 47м2‼️Ул. Садыка Азимова  Школа 145,155 000 у.е.Kelishilgan,"Toshkent, Mirobod tumani - Bugunda 06:55",155000.0,,47.0,47.0,Mirobod
Квартира Ж/К New Port 3/13/25 84 кв.м,127 000 у.е.,"Toshkent, Yakkasaroy tumani - Bugunda 06:55",127000.0,,84.0,84.0,Yakkasaroy
Чиланзар 10 кв-л.  2в3 комнатная Евро.  Ор хосилот,71 500 у.е.,"Toshkent, Chilonzor tumani - Bugunda 06:55",71500.0,,10.0,10.0,Chilonzor
Срочно Продаётся габус Тарас Шевченко 4-комн 3-санузлов 180м2 хорошо р,379 999 у.е.Kelishilgan,"Toshkent, Mirobod tumani - Bugunda 06:54",379999.0,,180.0,180.0,Mirobod
Продается  Учтепа 23 квартал 2/1/5  40 м2  (Гулшен 116647),59 000 у.е.,"Toshkent, Uchtepa tumani - Bugunda 06:54",59000.0,,23.0,23.0,Uchtepa
Самая красивая квартира NRG U-Tower 126 м2 Продаётся 3-х комнатная,660 000 у.е.Kelishilgan,"Toshkent, Shayxontohur tumani - Bugunda 06:54",660000.0,,126.0,126.0,Shayxontohur
"продается квартира 110 кв новостройка, алмазарский р, сагбон 3 комнаты",115 000 у.е.Kelishilgan,"Toshkent, Olmazor tumani - Bugunda 06:41",115000.0,,110.0,110.0,Olmazor
"Скидка 15%! 2-комн. 44 м² у метро, ипотека от 8 млн. Дом готов (XS)",648 962 462 so’m,"Toshkent, Yashnobod tumani - Bugunda 06:54",648962462.0,,44.0,44.0,Yashnobod
Продаётся 3ком ЖК Infinity 71м2 ор-р: Садык Азимова,245 000 у.е.Kelishilgan,"Toshkent, Mirobod tumani - Bugunda 06:53",245000.0,,71.0,71.0,Mirobod
Продается 1/2 квартра на Чиланзаре 6 квартал,59 500 у.е.Kelishilgan,"Toshkent, Chilonzor tumani - 04/02/2026",59500.0,,2.0,2.0,Chilonzor
Сергили 10- Худуд 3/10/16 68м2 С мебелю техникой евро ремонт Срочна,66 000 у.е.,"Toshkent, Sirg‘ali tumani - Bugunda 06:52",66000.0,,68.0,68.0,Boshqa
ГАБУС 4х комнатная 213м² Ц-6 Элитный комплекс + паркинг,295 000 у.е.Kelishilgan,"Toshkent, Yunusobod tumani - 03/02/2026",295000.0,,213.0,213.0,Yunusobod
PARK CITY 75kv (Kadastrli),115 000 у.е.,"Toshkent, Olmazor tumani - 03/02/2026",115000.0,,75.0,75.0,Olmazor
Уютная 1-комн. 30 м² | 7/16 | Новый дом | Метро рядом  | Ипотека есть,16 600 у.е.,"Toshkent, Mirzo-Ulug‘bek tumani - Bugunda 06:51",16600.0,,30.0,30.0,Mirzo-Ulug‘bek
Никитина резиденс 2/6/9 с кадастром 66м2,77 500 у.е.,"Toshkent, Mirzo-Ulug‘bek tumani - Bugunda 06:51",77500.0,,66.0,66.0,Mirzo-Ulug‘bek
"Квартира стадион Старт Ул. Новомосковская 3/5/5 54,6 кв.м",128 000 у.е.,"Toshkent, Mirzo-Ulug‘bek tumani - Bugunda 06:50",128000.0,,54.6,54.6,Mirzo-Ulug‘bek
NRG U-Tower 85м2 Продаётся 3-х комнатная квартира Дружба,425 000 у.е.Kelishilgan,"Toshkent, Shayxontohur tumani - Bugunda 06:50",425000.0,,85.0,85.0,Shayxontohur
"Продаётся КВАРТИРА 3/4/4 на 72м2 Ц-1, Дом композиторов, Ген прокуратур",135 000 у.е.,"Toshkent, Mirzo-Ulug‘bek tumani - Bugunda 06:49",135000.0,,72.0,72.0,Mirzo-Ulug‘bek
Чиланзарском 17 кв 3 комнатная,82 000 у.е.Kelishilgan,"Toshkent, Chilonzor tumani - Bugunda 06:49",82000.0,,17.0,17.0,Chilonzor
Sergeli 7 Seven Residence 4 hona 115kv.,140 000 у.е.Kelishilgan,"Toshkent, Sirg‘ali tumani - Bugunda 06:49",140000.0,,115.0,115.0,Boshqa
Квартира Массив Феруза 2/6/6 43 кв.м,75 000 у.е.,"Toshkent, Mirzo-Ulug‘bek tumani - Bugunda 06:49",75000.0,,43.0,43.0,Mirzo-Ulug‘bek
Квартира Ж/К New Life 4/2/10 112 кв.м,225 000 у.е.,"Toshkent, Yashnobod tumani - Bugunda 06:49",225000.0,,112.0,112.0,Yashnobod
Квартира Ж/К New Life 4/2/10 92 кв.м,215 000 у.е.,"Toshkent, Yashnobod tumani - Bugunda 06:49",215000.0,,92.0,92.0,Yashnobod
Квартира Ж/К New Life 3/2/10 62 кв.м,140 000 у.е.,"Toshkent, Yashnobod tumani - Bugunda 06:48",140000.0,,62.0,62.0,Yashnobod
Новостройка Буз базар 2/6/9 Евроремонт 45м2,95 000 у.е.,"Toshkent, Mirzo-Ulug‘bek tumani - Bugunda 06:48",95000.0,,45.0,45.0,Mirzo-Ulug‘bek
Продаётся квартира 1 этаж 3 комнат 88кв,111 000 у.е.Kelishilgan,"Toshkent, Olmazor tumani - Bugunda 04:14",111000.0,,88.0,88.0,Olmazor
"Квартира ЖК City Life 3/7/11 112 кв.м 112,5 кв.м",1 500 у.е.,"Toshkent, Yakkasaroy tumani - Bugunda 06:48",1500.0,,112.0,112.0,Yakkasaroy
ЖК Sayram Avenue 3-комн 74м2 ‼️ Ул. Буюк Ипак Йули,102 000 у.е.Kelishilgan,"Toshkent, Mirobod tumani - Bugunda 06:48",102000.0,,74.0,74.0,Mirobod
"Продается Квартира!2х комн,90м2|ЖК ""Hilmar"",ул.Бабура  США",85 500 у.е.Kelishilgan,"Toshkent, Yakkasaroy tumani - Bugunda 06:48",85500.0,,90.0,90.0,Yakkasaroy
Вторичка 2в3/1/5 Ташсельмаш Керамзит 53м2 Евроремонт,72 500 у.е.,"Toshkent, Mirzo-Ulug‘bek tumani - Bugunda 06:48",72500.0,,53.0,53.0,Mirzo-Ulug‘bek
"Срочно!Продается Дуплекс Квартира.4х комн,130м2|ул Махтумкули  США",165 000 у.е.Kelishilgan,"Toshkent, Yashnobod tumani - Bugunda 06:47",165000.0,,130.0,130.0,Yashnobod
"Метро Хамида Олимджана. 4-комн. спецплан. 150 кв.м. Ремонт, обстановка",310 000 у.е.Kelishilgan,"Toshkent, Shayxontohur tumani - 03/02/2026",310000.0,,150.0,150.0,Shayxontohur
Квартира на чиланзаре 65 м2,65 000 у.е.Kelishilgan,"Toshkent, Chilonzor tumani - Bugunda 06:47",65000.0,,65.0,65.0,Chilonzor
"ПРОДАЖА КВАРТИРЫ!3х комн,100м2|ЖК ""Дархан Модерн""  США",215 000 у.е.Kelishilgan,"Toshkent, Mirzo-Ulug‘bek tumani - Bugunda 06:47",215000.0,,100.0,100.0,Mirzo-Ulug‘bek
"Продаётся 3/4/10 квартира в Mirabad Elite,ул Тараса Шевченко",199 000 у.е.Kelishilgan,"Toshkent, Mirobod tumani - Bugunda 06:46",199000.0,,10.0,10.0,Mirobod
"ПРОДАЕТСЯ КВАРТИРА!3х комн,92м2|КОРОБКА|Ш.Руставели  сша",138 300 у.е.Kelishilgan,"Toshkent, Yakkasaroy tumani - Bugunda 06:46",138300.0,,92.0,92.0,Yakkasaroy
Юнусобод 11 кв 3 хона Навастройка,126 500 у.е.Kelishilgan,"Toshkent, Yunusobod tumani - Bugunda 06:46",126500.0,3.0,11.0,11.0,Yunusobod
"Продажа 2/11/12 50м2 в ЖК Nukus Avenue, ор-р: Глинка",118 000 у.е.,"Toshkent, Yakkasaroy tumani - Bugunda 06:46",118000.0,,50.0,50.0,Yakkasaroy
Новостройка Яшнабадский район 4 хона 100 м2 евро ремонт,109 000 у.е.,"Toshkent, Yashnobod tumani - 03/02/2026",109000.0,4.0,100.0,100.0,Yashnobod
Продаётся 3/9/12 квартира в ЖК NRG Oybek Супер Центр,290 000 у.е.Kelishilgan,"Toshkent, Mirobod tumani - Bugunda 06:45",290000.0,,12.0,12.0,Mirobod
Срочно Продается Квартира 2/1/10 51м2 на ЖК «Parkent Avenue»,68 500 у.е.Kelishilgan,"Toshkent, Mirzo-Ulug‘bek tumani - Bugunda 06:44",68500.0,,51.0,51.0,Mirzo-Ulug‘bek
"Дархан, Новомосковская, квартира 2в3/3/12, монолит, 68м2.",110 000 у.е.,"Toshkent, Mirzo-Ulug‘bek tumani - Bugunda 06:44",110000.0,,68.0,68.0,Mirzo-Ulug‘bek
"срочно своя 3-ком, 85 кв.м., новостройка, ул.Махтумкули, ипотека!",129 500 у.е.,"Toshkent, Yashnobod tumani - 03/02/2026",129500.0,,85.0,85.0,Yashnobod
"ПРОДАЖА КВАРТИРЫ!2х комн,63м2|ЖК ""N-One""   США",125 500 у.е.Kelishilgan,"Toshkent, Yakkasaroy tumani - Bugunda 06:44",125500.0,,63.0,63.0,Yakkasaroy
"ПРОДАЖА КВАРТИРЫ!4х комн,107м2|ЖК Оз Махал,ул.Новомосковская  США",265 000 у.е.Kelishilgan,"Toshkent, Mirzo-Ulug‘bek tumani - Bugunda 06:44",265000.0,,107.0,107.0,Mirzo-Ulug‘bek
"ПРОДАЕТСЯ КВАРТИРА!3х комн,126м2|ЖК NRG U-Tower   сша",660 000 у.е.Kelishilgan,"Toshkent, Shayxontohur tumani - Bugunda 06:43",660000.0,,126.0,126.0,Shayxontohur
"ПРОДАЖА КВАРТИРЫ!3х комн,87м2|Тузель, 255 школа   АКТ",95 000 у.е.Kelishilgan,"Toshkent, Yashnobod tumani - Bugunda 06:43",95000.0,,87.0,87.0,Yashnobod
"Продается 4х комн Квартира!125м2|КОРОБКА|Ц-1,кафе Бибигон  США",290 000 у.е.Kelishilgan,"Toshkent, Mirzo-Ulug‘bek tumani - Bugunda 06:43",290000.0,,125.0,125.0,Mirzo-Ulug‘bek
Юнусобод 11 кв 2 хона Навастройка,77 000 у.е.Kelishilgan,"Toshkent, Yunusobod tumani - Bugunda 06:43",77000.0,2.0,11.0,11.0,Yunusobod
"Продаю свою 2/1/9, 52 000 $.  44 кв.м в Яшнобадском районе.",52 000 у.е.Kelishilgan,"Toshkent, Mirzo-Ulug‘bek tumani - 31/01/2026",52000.0,,44.0,44.0,Mirzo-Ulug‘bek
Своя  3-комнатная квартира Бадамзар Мечеть 82м2,106 900 у.е.,"Toshkent, Yunusobod tumani - 05/02/2026",106900.0,,82.0,82.0,Yunusobod
"ПРОДАЕТСЯ КВАРТИРА!4х комн,210м2|ЖК ""Oq Saroy""  США",420 000 у.е.Kelishilgan,"Toshkent, Mirzo-Ulug‘bek tumani - Bugunda 06:43",420000.0,,210.0,210.0,Mirzo-Ulug‘bek
Срочно Продается Квартира 4/9/10 110м2 на ЖК «Parkent Avenue»,122 500 у.е.Kelishilgan,"Toshkent, Mirzo-Ulug‘bek tumani - Bugunda 06:42",122500.0,,110.0,110.0,Mirzo-Ulug‘bek
Квартира Ж/К Yakkasaray City Mall 3/2/10 95 кв.м,177 000 у.е.,"Toshkent, Yakkasaroy tumani - Bugunda 06:42",177000.0,,95.0,95.0,Yakkasaroy
-2/3/4 Кирпич‼️2х6 Балкон Чиланзар-14кв,73 500 у.е.,"Toshkent, Chilonzor tumani - Bugunda 06:41",73500.0,,14.0,14.0,Chilonzor
"продается квартира 110 кв новостройка, алмазарский р, сагбон 3 комнаты",115 000 у.е.Kelishilgan,"Toshkent, Olmazor tumani - Bugunda 06:41",115000.0,,110.0,110.0,Olmazor
Продаётся 2ком NEST ONE 55.21квм ор-р: Ташкент Сити/Tashkent City,176 000 у.е.Kelishilgan,"Toshkent, Shayxontohur tumani - Bugunda 06:41",176000.0,,55.21,55.21,Shayxontohur
Срочно Продается Квартира 4/6/9 96м2 на Айбеке / м. Ойбек,165 000 у.е.Kelishilgan,"Toshkent, Mirobod tumani - Bugunda 06:40",165000.0,,96.0,96.0,Mirobod
Ялангач 3 Комнаты 2 Этаж 67м²,88 500 у.е.,"Toshkent, Mirzo-Ulug‘bek tumani - Bugunda 06:39",88500.0,,67.0,67.0,Mirzo-Ulug‘bek
"Своя  3/3/4 60 кв Ц2 ул Без Ремонта, Гогол Рядом алея Алайский р. Свою",120 000 у.е.,"Toshkent, Mirobod tumani - Bugunda 06:39",120000.0,,60.0,60.0,Mirobod
"2 xona 58 m.kv. Yunusobod 6-kvartal | Юнусабад, 6-кв, 2-ком. 58 кв.м.",62 500 у.е.Kelishilgan,"Toshkent, Yunusobod tumani - 04/02/2026",62500.0,2.0,58.0,58.0,Yunusobod
"3-х комнатная квартира 72 кв.м. массив Янги Узбекистан, Новостройка",58 000 у.е.Kelishilgan,"Toshkent, Bektemir tumani - 05/02/2026",58000.0,,72.0,72.0,Bektemir
"ПРОДАЕТСЯ КВАРТИРА! 2х комн,48м2| ЖК Imperial Club City   СНУ",98 000 у.е.Kelishilgan,"Toshkent, Yakkasaroy tumani - Bugunda 06:38",98000.0,,48.0,48.0,Yakkasaroy
"ДРУЖБА 2/7/9 Евроремонт обш: 73 кв.м ор Нархоз институт, Дружба метро",102 000 у.е.,"Toshkent, Shayxontohur tumani - Bugunda 06:38",102000.0,,73.0,73.0,Shayxontohur
Метро Минор | 3-комнатная 88 м² в ЖК Kazakhstan | С мебелью,205 000 у.е.Kelishilgan,"Toshkent, Yunusobod tumani - Bugunda 06:38",205000.0,,88.0,88.0,Yunusobod
КОРАТОШ 4/3/5 Евроремонт с меб и техн бал: 2.20х7 100 кв.м Каратащ,133 000 у.е.,"Toshkent, Shayxontohur tumani - Bugunda 06:38",133000.0,,100.0,100.0,Shayxontohur
"Квартира ЖК Brooklyn 3/14/16 77,8 кв.м",85 000 у.е.,"Toshkent, Mirzo-Ulug‘bek tumani - Bugunda 06:38",85000.0,,77.8,77.8,Mirzo-Ulug‘bek
"Продаётся 2ком НОВОСТРОЙКА 63квм ор-р: Макро, Паркентский",79 000 у.е.Kelishilgan,"Toshkent, Mirzo-Ulug‘bek tumani - Bugunda 06:38",79000.0,,63.0,63.0,Mirzo-Ulug‘bek
ЖК Green Island 2-комн 38м2 ‼️ ул.Садыка Азимова Эфенди,130 000 у.е.Kelishilgan,"Toshkent, Mirobod tumani - Bugunda 06:37",130000.0,,38.0,38.0,Mirobod
",Продается‼️4/10/14 , 114м2 ЕВРО меб+техн ЖК Узбегим",229 000 у.е.,"Toshkent, Yakkasaroy tumani - Bugunda 06:37",229000.0,,114.0,114.0,Yakkasaroy
"Новостройка 3-х комнатная в ЖК «City Life» 112,5м2  ID: 5198",168 750 у.е.,"Toshkent, Yakkasaroy tumani - Bugunda 06:37",168750.0,,112.5,112.5,Yakkasaroy
"ПРОДАЁТСЯ !!! ""Нест Оне"" 3/40/51.  60м2.  Вид на парк
НОВОСТРОЙКА 
ЖК",315 000 у.е.,"Toshkent, Shayxontohur tumani - Bugunda 06:37",315000.0,,60.0,60.0,Shayxontohur
Ц-15 ЖАНГОХ Новостройка 4/6/8 Евроремонт с меб+тех обш: 200 кв.м Абай,310 000 у.е.,"Toshkent, Shayxontohur tumani - Bugunda 06:37",310000.0,,200.0,200.0,Shayxontohur
ГАНГА 2+2/5/9 Евроремонт с меб+тех обш: 125 кв.м ор: Хадра Ганга Чорсу,189 900 у.е.,"Toshkent, Shayxontohur tumani - Bugunda 06:37",189900.0,,125.0,125.0,Shayxontohur
Квартира Ж/К Botanika Saroy 1/1/16 39 кв.м,110 000 у.е.,"Toshkent, Mirzo-Ulug‘bek tumani - Bugunda 06:37",110000.0,,39.0,39.0,Mirzo-Ulug‘bek
Каракамыш Квартира 2/4/5 разделка площадь 54м2,60 000 у.е.,"Toshkent, Olmazor tumani - Bugunda 06:37",60000.0,,54.0,54.0,Olmazor
Квартира ресторан Челси 3/5/8 100 кв.м,190 000 у.е.,"Toshkent, Yakkasaroy tumani - Bugunda 06:36",190000.0,,100.0,100.0,Yakkasaroy
"Продаётся 3в4 ком Ул.Фидокор 70м2 ор-р: Кафе Bon, бывш. Чехова",134 000 у.е.Kelishilgan,"Toshkent, Mirobod tumani - Bugunda 06:35",134000.0,,70.0,70.0,Mirobod
Квартира ресторан Челси 3/4/8 100 кв.м,190 000 у.е.,"Toshkent, Yakkasaroy tumani - Bugunda 06:35",190000.0,,100.0,100.0,Yakkasaroy
‘Банковский‼️4/3/4 120м2 Метро Мирзо Улугбек,153 000 у.е.,"Toshkent, Chilonzor tumani - Bugunda 06:34",153000.0,,120.0,120.0,Chilonzor
Uchtepa 13-mavzey 4/4/4. 92kv,98 000 у.е.Kelishilgan,"Toshkent, Chilonzor tumani - 05/02/2026",98000.0,,92.0,92.0,Chilonzor
Квартира ЖК Tiara Residence 4/9/10 173 кв.м,242 200 у.е.,"Toshkent, Mirzo-Ulug‘bek tumani - Bugunda 06:34",242200.0,,173.0,173.0,Mirzo-Ulug‘bek
-Продается 2 ком‼️Чиланзар-8кв,57 500 у.е.,"Toshkent, Chilonzor tumani - Bugunda 06:34",57500.0,,8.0,8.0,Chilonzor
"4-комн своя 110м² Parkent Avenue, коробка, сквозная - 116000$",116 000 у.е.,"Toshkent, Shayxontohur tumani - 31/01/2026",116000.0,,110.0,110.0,Shayxontohur
ПРОДАЖА  Новостройка ЖК “Assalom sohil” Фаргона йули 3/8/9 68кв,85 000 у.е.,"Toshkent, Mirobod tumani - Bugunda 06:33",85000.0,,68.0,68.0,Mirobod
Чиланзар 6 квартал Разделка Мебель и Техника,76 500 у.е.,"Toshkent, Chilonzor tumani - Bugunda 06:33",76500.0,,6.0,6.0,Chilonzor
"Продаётся 4ком/1/4 , 92квм ор-р: университет AJOU",79 000 у.е.Kelishilgan,"Toshkent, Yashnobod tumani - Bugunda 06:33",79000.0,,92.0,92.0,Yashnobod
"Габус, Тарас Шевченко, 4/6/6, 203 м2, ориентир Irish pub",400 000 у.е.Kelishilgan,"Toshkent, Mirobod tumani - 05/02/2026",400000.0,,203.0,203.0,Mirobod
Готовый блок Бобур резиденс 3/7/14 новостройка 72м2,99 900 у.е.Kelishilgan,"Toshkent, Yakkasaroy tumani - 03/02/2026",99900.0,,72.0,72.0,Yakkasaroy
Продам новостройку 2/1/4 Ттз Саниф 80м² кирпич огород,80 000 у.е.,"Toshkent, Mirzo-Ulug‘bek tumani - Bugunda 06:32",80000.0,,80.0,80.0,Mirzo-Ulug‘bek
Квартира ЖК O’z Mahal 2/5/14 51 кв.м,90 000 у.е.,"Toshkent, Mirzo-Ulug‘bek tumani - Bugunda 06:32",90000.0,,51.0,51.0,Mirzo-Ulug‘bek
"3/3/9 97м2 NRG SAYRAM Буюк Ипак Йули (Максим Горький, БИЙ)",237 000 у.е.,"Toshkent, Mirzo-Ulug‘bek tumani - Bugunda 06:32",237000.0,,97.0,97.0,Mirzo-Ulug‘bek
Цена ниже рыночной Бодомзор. Пент хаус 246м² + 120м² терасса,221 400 у.е.Kelishilgan,"Toshkent, Yunusobod tumani - Bugunda 03:44",221400.0,,246.0,246.0,Yunusobod
"Кушбеги 2комн/6/9, 42м² Разделка, Панель. Средни ремонт. Ор-р: Бассейн",44 000 у.е.Kelishilgan,"Toshkent, Yakkasaroy tumani - Bugunda 06:31",44000.0,,42.0,42.0,Yakkasaroy
"ПРОДАЁТСЯ‼ Квартира мечты у метро! ЖК Caravan Avenue, 74 м² | Терраса",145 000 у.е.Kelishilgan,"Toshkent, Mirzo-Ulug‘bek tumani - Bugunda 06:31",145000.0,,74.0,74.0,Mirzo-Ulug‘bek
Чиланзар 10 квартал 2в3/3/4 Евро,71 500 у.е.,"Toshkent, Chilonzor tumani - Bugunda 06:31",71500.0,,10.0,10.0,Chilonzor
"Квартира Ж/К Imperial Club 1/11/14 30,6 кв.м",62 000 у.е.,"Toshkent, Yunusobod tumani - Bugunda 06:30",62000.0,,30.6,30.6,Yunusobod
Срочно. ЖК Seul Mun Riverside 2-х ком 57м2 в каждой комнате окна,112 000 у.е.Kelishilgan,"Toshkent, Yakkasaroy tumani - 10/01/2026",112000.0,,57.0,57.0,Yakkasaroy
"23500 у.е., Карасу -6, 23 м2",23 500 у.е.,"Toshkent, Mirzo-Ulug‘bek tumani - Bugunda 06:30",23500.0,,23.0,23.0,Mirzo-Ulug‘bek
"2/4/15 Паркентский ЖК Parkent Plaza, мебель техника 45м2, 85000 уе",85 000 у.е.Kelishilgan,"Toshkent, Yashnobod tumani - Bugunda 06:30",85000.0,,45.0,45.0,Yashnobod
Квартира Дархан 100 кв.м с ремонтом,2 000 000 000 so’mKelishilgan,"Toshkent, Mirzo-Ulug‘bek tumani - Bugunda 06:29",2000000000.0,,100.0,100.0,Mirzo-Ulug‘bek
"ЖК Brooklyn | 75 м², блок F, паркинг| Ул Сайрам| метро БИЙ",80 000 у.е.,"Toshkent, Mirzo-Ulug‘bek tumani - 03/02/2026",80000.0,,75.0,75.0,Mirzo-Ulug‘bek
Продается ЖК Кипарис 3/9/9 новый ремонт 98м2,230 000 у.е.,"Toshkent, Yunusobod tumani - Bugunda 06:29",230000.0,,98.0,98.0,Yunusobod
Квартира ЖК Koh Ota 3/2/10 70 кв.м,145 000 у.е.,"Toshkent, Olmazor tumani - Bugunda 06:29",145000.0,,70.0,70.0,Olmazor
"3/4/7 МирзоУлугбекский р-н,ЭКО Базар,новостройка,62 м2, Евроремонт",89 000 у.е.,"Toshkent, Mirzo-Ulug‘bek tumani - Bugunda 06:28",89000.0,,62.0,62.0,Mirzo-Ulug‘bek
Квартира Ж/К Mashxadi residence 3/4/8 96 кв.м,110 000 у.е.,"Toshkent, Yashnobod tumani - Bugunda 06:28",110000.0,,96.0,96.0,Yashnobod
"СРОЧНО!Продается Квартира. 2х комн,33м2|Паркнетский  СНУ",55 000 у.е.Kelishilgan,"Toshkent, Mirzo-Ulug‘bek tumani - Bugunda 06:28",55000.0,,33.0,33.0,Mirzo-Ulug‘bek
"ЖК ""Mirabad City"" 2комн 51м2 ‼️ Ул.Нукусская Госпитальный рынок",125 000 у.е.Kelishilgan,"Toshkent, Mirobod tumani - Bugunda 06:27",125000.0,,51.0,51.0,Mirobod
Продается коробка в МИРАБАД АВЕНЮ 126м2 А блок первая линия,465 000 у.е.,"Toshkent, Mirobod tumani - Bugunda 06:27",465000.0,,126.0,126.0,Mirobod
3 xonali evro kvartira sotiladi!Yangihayot Sputnik 5 Novostroyka 74kv,73 500 у.е.Kelishilgan,"Toshkent, Chilonzor tumani - 05/02/2026",73500.0,3.0,74.0,74.0,Chilonzor
ЖК УзМахал-4/12/14 -107 м2,265 000 у.е.Kelishilgan,"Toshkent, Mirzo-Ulug‘bek tumani - 04/02/2026",265000.0,,107.0,107.0,Mirzo-Ulug‘bek
"Буюк Ипак Йули (Максим Горький, БИЙ) 2/2/4  2х6 55м2",105 000 у.е.,"Toshkent, Mirzo-Ulug‘bek tumani - Bugunda 06:26",105000.0,,55.0,55.0,Mirzo-Ulug‘bek
Новостройка Сергели 1 ком. 38 м² коробка,40 000 у.е.Kelishilgan,"Toshkent, Sirg‘ali tumani - Bugunda 06:26",40000.0,,38.0,38.0,Boshqa
"Чиланзар 5 квартал, 3х комнатная",90 000 у.е.Kelishilgan,"Toshkent, Chilonzor tumani - Bugunda 06:26",90000.0,,5.0,5.0,Chilonzor
м.Буюк Ипак Йули ЖК Sayram Avenue 4-комн 2/10 118 м² 3 с/у евроремонт,250 000 у.е.,"Toshkent, Mirzo-Ulug‘bek tumani - Bugunda 06:26",250000.0,,118.0,118.0,Mirzo-Ulug‘bek
"Golden House 3к 86м², Яккасарай — мебель, парковка, ипотека",134 000 у.е.,"Toshkent, Yakkasaroy tumani - 04/02/2026",134000.0,,86.0,86.0,Yakkasaroy
ЖК  Tiara Residence Академгородок 4-комн 125 м²+32 м² терраса коробка,185 000 у.е.,"Toshkent, Mirzo-Ulug‘bek tumani - Bugunda 06:25",185000.0,,125.0,125.0,Mirzo-Ulug‘bek
"метро Минор 2х3/14/16 чистая, 64 м² с мебелью и техникой",75 000 у.е.Kelishilgan,"Toshkent, Yunusobod tumani - Bugunda 06:25",75000.0,,64.0,64.0,Yunusobod
Акай Сити - 132 кв.,229 000 у.е.,"Toshkent, Mirzo-Ulug‘bek tumani - Bugunda 06:25",229000.0,,132.0,132.0,Mirzo-Ulug‘bek
ул.Нукус Гламур 2-комн 2(3)/9 65 м² евроремонт мебель техника,149 000 у.е.,"Toshkent, Mirobod tumani - Bugunda 06:25",149000.0,,65.0,65.0,Mirobod
ЖК Caravan Avenue м.Буюк Ипак Йули 3-комн 4/13 74 м² 2 с/у евроремонт,155 000 у.е.,"Toshkent, Mirzo-Ulug‘bek tumani - Bugunda 06:25",155000.0,,74.0,74.0,Mirzo-Ulug‘bek
ЖК Parkent Plaza Авиатор 4-комн 13/15 90 м² 2 с/у евроремонт меб/тех,142 000 у.е.,"Toshkent, Yashnobod tumani - Bugunda 06:25",142000.0,,90.0,90.0,Yashnobod
Юнусабад-9 Сетор 2/3/5 58м² евроремонт,78 000 у.е.,"Toshkent, Yunusobod tumani - 05/02/2026",78000.0,,58.0,58.0,Yunusobod
Ц-5 Монумент Мужества 4-комн 4/4 82 м² кирпич евроремонт 2х6 балкон,125 000 у.е.,"Toshkent, Yunusobod tumani - Bugunda 06:25",125000.0,,82.0,82.0,Yunusobod
ЖК Бешчинор ул.Махтумкули 2-комн 2-уровня 8/14 44 м² ремонт меб/тех,70 000 у.е.,"Toshkent, Yashnobod tumani - Bugunda 06:25",70000.0,,44.0,44.0,Yashnobod
"Квартира Ж/К Imperial Club 2/4,12/14 49 кв.м",113 000 у.е.,"Toshkent, Yunusobod tumani - Bugunda 06:25",113000.0,,49.0,49.0,Yunusobod
Квартира Ц-1 Чайкофф 3/3/4 80 м2,160 000 у.е.,"Toshkent, Mirzo-Ulug‘bek tumani - Bugunda 06:24",160000.0,,80.0,80.0,Mirzo-Ulug‘bek
"СРОЧНО!Продается Квартира в ЖК Infinity!2х комн,65м2|Ц1,С.Азимов сну",205 000 у.е.Kelishilgan,"Toshkent, Mirobod tumani - Bugunda 06:24",205000.0,,65.0,65.0,Mirobod
"СРОЧНО ПРОДАЕТСЯ!3х комн,120м2|массив Кушбеги, ресторан Калдиргоч США",155 000 у.е.Kelishilgan,"Toshkent, Yakkasaroy tumani - Bugunda 06:24",155000.0,,120.0,120.0,Yakkasaroy
"NRG Jomiy | 3-комнатная 72 м², бизнес-класс | Кадастр есть",114 000 у.е.Kelishilgan,"Toshkent, Yunusobod tumani - Bugunda 06:24",114000.0,,72.0,72.0,Yunusobod
Нукусская 3/6/10 65м2 ЕВРО ремонт Ор-р Гаи,116 000 у.е.,"Toshkent, Mirobod tumani - Bugunda 06:23",116000.0,,65.0,65.0,Mirobod
"Продаётся 2ком ЖК Parkent Avenue 52м2 ор-р: Паркентский, мост Тапоич",67 000 у.е.Kelishilgan,"Toshkent, Mirzo-Ulug‘bek tumani - Bugunda 06:23",67000.0,,52.0,52.0,Mirzo-Ulug‘bek
"Юнусабад- 13 квартал 4/5/8 новостройка коробка кирпич 87,4 м2",89 000 у.е.Kelishilgan,"Toshkent, Yunusobod tumani - Bugunda 06:22",89000.0,,13.0,13.0,Yunusobod
Продам 2 ком Юнусабад 7 квартал Ипотека,65 500 у.е.,"Toshkent, Yunusobod tumani - Bugunda 06:22",65500.0,,7.0,7.0,Yunusobod
Продам 2 ком Юнусабад 10 квартал Ипотека,66 500 у.е.,"Toshkent, Yunusobod tumani - Bugunda 06:22",66500.0,,10.0,10.0,Yunusobod
Продам свою квартиру 50.32 КВ 1/1/4 ЖД поликлиника,70 999 у.е.Kelishilgan,"Toshkent, Mirobod tumani - 04/02/2026",70999.0,,50.32,50.32,Mirobod
Юнус Абад 17 квартал Новостройка,1 050 у.е.,"Toshkent, Yunusobod tumani - Bugunda 06:21",1050.0,,17.0,17.0,Yunusobod
Срочно Квартира Ц-4 Plov ресторан 2/2/4 54 кв.м,100 000 у.е.,"Toshkent, Yunusobod tumani - Bugunda 06:21",100000.0,,54.0,54.0,Yunusobod
Продам 1/3/5 на Юнусабад 19 кв своя без ремонт,46 900 у.е.,"Toshkent, Yunusobod tumani - Bugunda 06:20",46900.0,,19.0,19.0,Yunusobod
Продажа 2комнатная своя квартира своя 80 кв,90 000 у.е.Kelishilgan,"Toshkent, Mirobod tumani - 05/02/2026",90000.0,,80.0,80.0,Mirobod
СРОЧНО ПРОДАЁТСЯ 2ком квартира на ЖК Piramit towers 39-этаж 58м2,160 000 у.е.Kelishilgan,"Toshkent, Yakkasaroy tumani - Bugunda 06:19",160000.0,,58.0,58.0,Yakkasaroy
"2/6/9 на массиве ТТЗ-2 
ТТЗ-2
60квм
Без ремонта 
Общии вход 
54500",54 500 у.е.,"Toshkent, Mirzo-Ulug‘bek tumani - Bugunda 06:19",54500.0,,60.0,60.0,Mirzo-Ulug‘bek
Срочно! 3-комн квартира 86 м² в новостройке | Мирзо-Улугбекский,125 000 у.е.Kelishilgan,"Toshkent, Mirzo-Ulug‘bek tumani - Bugunda 06:18",125000.0,,86.0,86.0,Mirzo-Ulug‘bek
"ЖК NRG Mirzo Ulugbek, 4/2/10 Евроремонт (118м2) Срочно",250 000 у.е.,"Toshkent, Mirzo-Ulug‘bek tumani - Bugunda 06:17",250000.0,,118.0,118.0,Mirzo-Ulug‘bek
СРОЧНО !! Продаётся квартира в Яшнабаде 2/4/4 ( 47 кв/м ) Авиасозлар 3,58 500 у.е.,"Toshkent, Yashnobod tumani - Bugunda 06:16",58500.0,,47.0,47.0,Yashnobod
Чиланзар 2 ‼️ 2/3/4 Паспортный стол Балкон 2х4 Метро 5 минут,80 500 у.е.Kelishilgan,"Toshkent, Chilonzor tumani - Bugunda 06:16",80500.0,,4.0,4.0,Chilonzor
3/5/5 Авиагородок 78м2 Балкон 2/6 Ремонт Мебель Техника Ипотека есть!,72 000 у.е.,"Toshkent, Mirobod tumani - Bugunda 05:34",72000.0,,78.0,78.0,Mirobod
Срочно Продаётся квартира метро Ойбек жемчуг 3-комн евро ремонт 75м2,119 999 у.е.Kelishilgan,"Toshkent, Yakkasaroy tumani - Bugunda 06:15",119999.0,,75.0,75.0,Yakkasaroy
СВОЯ УЖЕ СДАНА NRG YANGI BAHT 3/2/9!! 82 квадрата!,82 000 у.е.,"Toshkent, Mirzo-Ulug‘bek tumani - Bugunda 06:15",82000.0,,82.0,82.0,Mirzo-Ulug‘bek
ЖК Yunusabad Residence 2/7/9 (67м2) Авторский проект Срочно,138 000 у.е.,"Toshkent, Yunusobod tumani - Bugunda 06:15",138000.0,,67.0,67.0,Yunusobod
Срочно Продаётся Новостройка элетный Комплекс паркентский 4-комн 133м2,249 999 у.е.Kelishilgan,"Toshkent, Mirzo-Ulug‘bek tumani - Bugunda 06:15",249999.0,,133.0,133.0,Mirzo-Ulug‘bek
"ПРОДАЕТСЯ КВАРТИРА В ЖК Акай Сити!3х комн,120м2| ул.Кара Ниязова США",220 000 у.е.Kelishilgan,"Toshkent, Mirzo-Ulug‘bek tumani - Bugunda 06:15",220000.0,,120.0,120.0,Mirzo-Ulug‘bek
Квартиры 39м² с кадастром со скидками от NRG BI Ботанический сад AU,63 768 у.е.,"Toshkent, Mirzo-Ulug‘bek tumani - 31/01/2026",63768.0,,39.0,39.0,Mirzo-Ulug‘bek
"Квартира Ж/К Glinka Premium 2/5/12 93,5 кв.м",160 000 у.е.,"Toshkent, Yakkasaroy tumani - Bugunda 06:14",160000.0,,93.5,93.5,Yakkasaroy
Продажа 2/1/4 Академ Городок Бий Горбатый БАЛКОН2Х6 КирпичныйДом 60м2,71 500 у.е.Kelishilgan,"Toshkent, Mirzo-Ulug‘bek tumani - Bugunda 06:14",71500.0,,60.0,60.0,Mirzo-Ulug‘bek
"Квартира Ж/К Qorasuv Plaza 2/10/11 57,4 кв.м",80 000 у.е.,"Toshkent, Mirzo-Ulug‘bek tumani - Bugunda 06:13",80000.0,,57.4,57.4,Mirzo-Ulug‘bek
Квартира  Ж/К Sayram Avenue 4/2/10 118 кв.м,250 000 у.е.,"Toshkent, Mirzo-Ulug‘bek tumani - Bugunda 06:13",250000.0,,118.0,118.0,Mirzo-Ulug‘bek
"СЕРГЕЛИ 5 - продаю квартиру 2/2/9  72м2 ,Балкон 2×6  с Лифтовой.",75 000 у.е.Kelishilgan,"Toshkent, Sirg‘ali tumani - 05/02/2026",75000.0,,72.0,72.0,Boshqa
"Продается 4х комнатная квартира,университет АЖОУ,Яшнабадский р-н,92м2",77 000 у.е.,"Toshkent, Yashnobod tumani - 04/02/2026",77000.0,,92.0,92.0,Yashnobod
ЖК Akay City 2/19/25 (100м2) Новостройка Дархан Срочно,180 000 у.е.,"Toshkent, Mirzo-Ulug‘bek tumani - Bugunda 06:13",180000.0,,100.0,100.0,Mirzo-Ulug‘bek
Квартира 4 роддом 5/1/9 120 кв.м,180 000 у.е.,"Toshkent, Mirobod tumani - Bugunda 06:12",180000.0,,120.0,120.0,Mirobod
Квартира ЖК Akay City 3/16/25 100 кв.м,210 000 у.е.,"Toshkent, Mirzo-Ulug‘bek tumani - Bugunda 06:12",210000.0,,100.0,100.0,Mirzo-Ulug‘bek
Квартира Ц-2 2/4/9 58 кв.м,98 000 у.е.,"Toshkent, Mirzo-Ulug‘bek tumani - Bugunda 06:12",98000.0,,58.0,58.0,Mirzo-Ulug‘bek
Квартира ЖК Solaris 6/9/10 160 кв.м,200 000 у.е.,"Toshkent, Yakkasaroy tumani - Bugunda 06:12",200000.0,,160.0,160.0,Yakkasaroy
"Квартира ГУВД, ресторан Эфенди 3/8/9 72 кв.м",108 000 у.е.,"Toshkent, Mirobod tumani - Bugunda 06:12",108000.0,,72.0,72.0,Mirobod
"Продаётся!!!   ЖК “Нест Оне”.  2/36/51.    54,44кв  VIP Class",178 000 у.е.,"Toshkent, Shayxontohur tumani - Bugunda 06:12",178000.0,,54.44,54.44,Shayxontohur
СВОЯ!!! Срочно продам 2/4/9 60 кв.м. Ашхабад парк.,73 000 у.е.Kelishilgan,"Toshkent, Yashnobod tumani - 04/02/2026",73000.0,,60.0,60.0,Yashnobod
Квартира Ц-1 4/7/9 80 кв.м,135 000 у.е.,"Toshkent, Mirzo-Ulug‘bek tumani - Bugunda 06:12",135000.0,,80.0,80.0,Mirzo-Ulug‘bek
Квартира Госпитальный 4/7/12 95 кв.м,155 000 у.е.,"Toshkent, Mirobod tumani - Bugunda 06:12",155000.0,,95.0,95.0,Mirobod
Квартира Японское посольство 3/9/9 70 кв.м,116 000 у.е.,"Toshkent, Mirobod tumani - Bugunda 06:12",116000.0,,70.0,70.0,Mirobod
Квартира метро Дружба Народов  Ул. Фуркат 2/7/9 77 кв.м,100 000 у.е.,"Toshkent, Shayxontohur tumani - Bugunda 06:12",100000.0,,77.0,77.0,Shayxontohur
Квартира Ж/К Oq Saroy 2/7/7 75 кв.м,132 000 у.е.,"Toshkent, Mirzo-Ulug‘bek tumani - Bugunda 06:12",132000.0,,75.0,75.0,Mirzo-Ulug‘bek
3/3/8 ЖК «Oq Saroy» 93м2,190 000 у.е.,"Toshkent, Mirzo-Ulug‘bek tumani - Bugunda 06:12",190000.0,,93.0,93.0,Mirzo-Ulug‘bek
Квартира ЖК  Solaris 3/3/9 100 кв.м,159 000 у.е.,"Toshkent, Yakkasaroy tumani - Bugunda 06:12",159000.0,,100.0,100.0,Yakkasaroy
Квартира кафе Bon  Ул. Фидокор 4/4/4 70 кв.м,134 000 у.е.,"Toshkent, Mirobod tumani - Bugunda 06:12",134000.0,,70.0,70.0,Mirobod
Квартира Ж/К Yakkasaray City Mall 3/4/10 90 кв.м,160 000 у.е.,"Toshkent, Yakkasaroy tumani - Bugunda 06:11",160000.0,,90.0,90.0,Yakkasaroy
"Квартира ЗАГС, Электроаапарат 2/5/9 75 кв.м",95 000 у.е.,"Toshkent, Mirobod tumani - Bugunda 06:11",95000.0,,75.0,75.0,Mirobod
"Квартира Ж/К NRG Qorasuv 4/5/9 121,66 кв.м",200 000 у.е.,"Toshkent, Mirzo-Ulug‘bek tumani - Bugunda 06:11",200000.0,,121.66,121.66,Mirzo-Ulug‘bek
Квартира  метро Ойбек  Gabus 4/4/8 175 кв.м,455 000 у.е.,"Toshkent, Mirobod tumani - Bugunda 06:11",455000.0,,175.0,175.0,Mirobod
Квартира ЖК Green Island 3/2/14 84 кв.м,210 000 у.е.,"Toshkent, Mirobod tumani - Bugunda 06:11",210000.0,,84.0,84.0,Mirobod
Квартира ЖК O’z Mahal  2/5/12 67 кв.м,115 000 у.е.,"Toshkent, Mirzo-Ulug‘bek tumani - Bugunda 06:11",115000.0,,67.0,67.0,Mirzo-Ulug‘bek
Квартира ЖК Kiparis 3/8/9 95 кв.м,200 000 у.е.,"Toshkent, Yunusobod tumani - Bugunda 06:11",200000.0,,95.0,95.0,Yunusobod
Квартира ЖК Akkurgan Residence 4/2/6 126 м2,340 000 у.е.,"Toshkent, Mirzo-Ulug‘bek tumani - Bugunda 06:11",340000.0,,126.0,126.0,Mirzo-Ulug‘bek
"1/4/5 Массив Феруза 40м2
Ориентир Эко базар 
Кирпич 
Балкон 2х6
Цена:",50 000 у.е.,"Toshkent, Mirzo-Ulug‘bek tumani - Bugunda 06:11",50000.0,,40.0,40.0,Mirzo-Ulug‘bek
Квартира Паркентский 3/4/9 107 кв.м,135 000 у.е.,"Toshkent, Mirzo-Ulug‘bek tumani - Bugunda 06:11",135000.0,,107.0,107.0,Mirzo-Ulug‘bek
Квартира ЖК Vita Stroy 4/6/9 110 кв.м,175 000 у.е.,"Toshkent, Mirzo-Ulug‘bek tumani - Bugunda 06:11",175000.0,,110.0,110.0,Mirzo-Ulug‘bek
Квартира ЖК NRG Hayot 2/4/6 53 кв.м,128 000 у.е.,"Toshkent, Yunusobod tumani - Bugunda 06:11",128000.0,,53.0,53.0,Yunusobod
Квартира ЖК Xon Saroy 3/9/16 84 кв.м,125 000 у.е.,"Toshkent, Yunusobod tumani - Bugunda 06:11",125000.0,,84.0,84.0,Yunusobod
Квартира Ж/К Nur 3/15/16 90 кв.м,210 000 у.е.,"Toshkent, Yunusobod tumani - Bugunda 06:11",210000.0,,90.0,90.0,Yunusobod
"ЦУМ Ц-7, Brasserie 3/3/9 (75м2) Евроремонт Срочно",142 000 у.е.,"Toshkent, Mirobod tumani - Bugunda 06:11",142000.0,,75.0,75.0,Mirobod
Квартира ЖК Akay City 3/9/25 100 кв.м,240 000 у.е.,"Toshkent, Mirzo-Ulug‘bek tumani - Bugunda 06:11",240000.0,,100.0,100.0,Mirzo-Ulug‘bek
Квартира Ж/К Аэропорт Хаус 3/2/9 113 кв.м,145 000 у.е.,"Toshkent, Yakkasaroy tumani - Bugunda 06:11",145000.0,,113.0,113.0,Yakkasaroy
Квартира Ж/К Poytaxt gavhari 2/10/10 40 кв.м,92 000 у.е.,"Toshkent, Yunusobod tumani - Bugunda 06:10",92000.0,,40.0,40.0,Yunusobod
"3/3/4 Массив Феруза 67м2
Ориентир Глория 
Балкон 1.5х6
Цена: 68.000

9",68 000 у.е.,"Toshkent, Mirzo-Ulug‘bek tumani - Bugunda 06:10",68000.0,,67.0,67.0,Mirzo-Ulug‘bek
2 квартира ЖК NRG Yangi Baxt 1/5/12 40 м2,55 000 у.е.,"Toshkent, Yashnobod tumani - Bugunda 06:10",55000.0,,2.0,2.0,Yashnobod
Юнусабад 16 квартал 3/3/5 (72²) продаётся квартира ипотека,73 500 у.е.Kelishilgan,"Toshkent, Yunusobod tumani - Bugunda 06:09",73500.0,,16.0,16.0,Yunusobod
Квартира Ж/К Kazakhstan 2/5/10 100 кв.м,235 000 у.е.,"Toshkent, Yunusobod tumani - Bugunda 06:09",235000.0,,100.0,100.0,Yunusobod
"Квартира Ж/К Imperial Club 2/5/14 49,80 кв.м",135 000 у.е.,"Toshkent, Yunusobod tumani - Bugunda 06:09",135000.0,,49.8,49.8,Yunusobod
"2/1/5 Буз-2, кирпичный дом 
кирпичный дом, 
36 кв., 
возможна ипотека,",51 500 у.е.,"Toshkent, Mirzo-Ulug‘bek tumani - Bugunda 06:09",51500.0,,36.0,36.0,Mirzo-Ulug‘bek
"Продается 4 комнатная квартира Сергели 8, 100 м2. 4/4/9",103 950 у.е.,"Toshkent, Yakkasaroy tumani - 05/02/2026",103950.0,,100.0,100.0,Yakkasaroy
Чиланзар 6 квартал 3х комнатная Балкон 2*6,90 100 у.е.,"Toshkent, Chilonzor tumani - Bugunda 06:08",90100.0,,6.0,6.0,Chilonzor
‘3/2/4 Корзинка‼️Чил-8кв Евро Мебель+техника,85 990 у.е.,"Toshkent, Chilonzor tumani - Bugunda 06:08",85990.0,,8.0,8.0,Chilonzor
"ПРОДАЕТСЯ КВАРТИРА в ЖК Imperial Club City!2х комн,46м2   сну",100 000 у.е.Kelishilgan,"Toshkent, Yunusobod tumani - Bugunda 06:08",100000.0,,46.0,46.0,Yunusobod
"Юнусабад9, 2/3/4 Корпоративный планировка не торец 62м2",74 900 у.е.Kelishilgan,"Toshkent, Yunusobod tumani - Bugunda 06:07",74900.0,,62.0,62.0,Yunusobod
"Продажа 1/5/8 на массиве ТТЗ, Гранд полацо, новостройка, 27кв.м,
Без р",35 000 у.е.,"Toshkent, Mirzo-Ulug‘bek tumani - Bugunda 06:07",35000.0,,27.0,27.0,Mirzo-Ulug‘bek
Чилонзор 1 кв 2/2/4,86 500 у.е.,"Toshkent, Chilonzor tumani - Bugunda 06:07",86500.0,,1.0,1.0,Chilonzor
Продается 2-х комн квартира 51 м2 ЖК Альберо. Паркентский (ИТ),78 500 у.е.,"Toshkent, Yashnobod tumani - Bugunda 06:06",78500.0,,51.0,51.0,Yashnobod
"Продажа 3 комнатной 82кв² вЖК BeshChinor,Махтумкули,IT Park,Ташсельмаш",94 500 у.е.Kelishilgan,"Toshkent, Yashnobod tumani - Bugunda 06:06",94500.0,,82.0,82.0,Yashnobod
"3/3/4 Балкон 2х6 Буюк Ипак Йули 
Площадь: 66 м2
Состояние: Ремонт

Бую",110 000 у.е.,"Toshkent, Mirzo-Ulug‘bek tumani - Bugunda 06:06",110000.0,,66.0,66.0,Mirzo-Ulug‘bek
"3/2/8 88м2 Паркентский Vita Stroy, ремонт мебель техника",125 000 у.е.,"Toshkent, Mirzo-Ulug‘bek tumani - Bugunda 06:06",125000.0,,88.0,88.0,Mirzo-Ulug‘bek
‘Чиланзар 1кв 2/3/4‼️Кирпичный 2х4 балкон Продается,77 500 у.е.Kelishilgan,"Toshkent, Chilonzor tumani - Bugunda 06:06",77500.0,,1.0,1.0,Chilonzor
2в3/1/4 54 м² Ташсельмаш ор-р Капиталбанк \ Шохона рест.,73 490 у.е.Kelishilgan,"Toshkent, Yashnobod tumani - 04/02/2026",73490.0,,54.0,54.0,Yashnobod
Срочно продаётся 54 кв в НОВОСПОЙКЕ с кадастром квартира коробка,47 000 у.е.Kelishilgan,"Toshkent, Yashnobod tumani - Bugunda 06:05",47000.0,,54.0,54.0,Yashnobod
"ПРОДАЕТСЯ 3/3/5 Квартира Ор-р: парк Фуркат, ЖК Greenwich",110 000 у.е.Kelishilgan,"Toshkent, Mirobod tumani - Bugunda 06:05",110000.0,,5.0,5.0,Mirobod
Абай корзинка 2-ком 2-Этаж 56м² кирпич Евроремонт меб+техника,103 000 у.е.,"Toshkent, Shayxontohur tumani - Bugunda 06:05",103000.0,,56.0,56.0,Shayxontohur
"Premium ЖК Infinity | Саид Барака | 80 м²|потолки 4,6м",205 000 у.е.Kelishilgan,"Toshkent, Yashnobod tumani - Bugunda 06:04",205000.0,,80.0,80.0,Yashnobod
Сергели. 3/4/9 70 м². Курувчилар дахаси продаётся квартира,75 000 у.е.,"Toshkent, Sirg‘ali tumani - Bugunda 06:04",75000.0,,70.0,70.0,Boshqa
"ПРОДАЕТСЯ 3/3/4 Квартира Ор-р: Чиланзар 11, Напротив Корзинка Кохинур",96 000 у.е.,"Toshkent, Chilonzor tumani - Bugunda 06:03",96000.0,,4.0,4.0,Chilonzor
Гунча Продаётса 2/1/5 Алока 56кв.м срочна,67 000 у.е.Kelishilgan,"Toshkent, Shayxontohur tumani - Bugunda 06:03",67000.0,,56.0,56.0,Shayxontohur
"Московские высотки, Дархан , Хамид Алимджана 4 ком, 190м2 D7036",190 000 у.е.,"Toshkent, Mirzo-Ulug‘bek tumani - Bugunda 06:02",190000.0,,190.0,190.0,Mirzo-Ulug‘bek
"3/3/5 Массив Феруза 67м2
Ориентир Эко базар 
Кирпич 
Балкон 2х6
Цена:",90 000 у.е.,"Toshkent, Mirzo-Ulug‘bek tumani - Bugunda 06:02",90000.0,,67.0,67.0,Mirzo-Ulug‘bek
Мансарда!! Своя Квартира 115кв Срочно!!! Небольшой ТОРГ,80 000 у.е.Kelishilgan,"Toshkent, Yashnobod tumani - Bugunda 06:01",80000.0,,115.0,115.0,Yashnobod
Ипотека 2 комнатная 62м² Балкон 2-6 Кушбеги Башлык Корзинка,73 200 у.е.Kelishilgan,"Toshkent, Yakkasaroy tumani - Bugunda 06:01",73200.0,,62.0,62.0,Yakkasaroy
Срочно 2/2/4. 60м2. 2х6 балкон Улучшенная планировка квартиры,71 500 у.е.,"Toshkent, Shayxontohur tumani - Bugunda 06:01",71500.0,,60.0,60.0,Shayxontohur
"Новостройка в центре 2/10/14. 55м2. Срочно, улица Бабура",112 000 у.е.,"Toshkent, Yakkasaroy tumani - Bugunda 06:00",112000.0,,55.0,55.0,Yakkasaroy
"ПРОДАЕТСЯ 3/8/9 Квартира Ор-р: Себзар, метро Гафур Гуляма",84 000 у.е.Kelishilgan,"Toshkent, Olmazor tumani - Bugunda 06:00",84000.0,,9.0,9.0,Olmazor
"Продажа 2 комнатной 52кв² вЖК Parkent Avenue,Паркентская,Мост Тапоич",95 000 у.е.Kelishilgan,"Toshkent, Mirzo-Ulug‘bek tumani - Bugunda 05:59",95000.0,,52.0,52.0,Mirzo-Ulug‘bek
"×Чиланзар 24, 4/1/5 ‼️РАЗДЕЛКА, 95м²‼️ Продаётся квартира",117 000 у.е.Kelishilgan,"Toshkent, Chilonzor tumani - Bugunda 05:59",117000.0,,95.0,95.0,Chilonzor
Чиланзвр-15 квартал 1*2/4/4,45 500 у.е.,"Toshkent, Uchtepa tumani - Bugunda 05:59",45500.0,,15.0,15.0,Uchtepa
Продается 4 комн квартира 110м2 в ЖК Parkent Avenue (ИТ),122 500 у.е.,"Toshkent, Mirzo-Ulug‘bek tumani - Bugunda 05:58",122500.0,,110.0,110.0,Mirzo-Ulug‘bek
"Продается 2х ком квартира, ЖК Oz Mahal, ор-р: Новомосковская, 37м²",109 000 у.е.,"Toshkent, Mirzo-Ulug‘bek tumani - Bugunda 05:58",109000.0,,37.0,37.0,Mirzo-Ulug‘bek
"ПРОДАЕТСЯ 3в4/3/4 Квартира Ор-р: Чиланзар 19, Айген перекресток",86 000 у.е.Kelishilgan,"Toshkent, Chilonzor tumani - Bugunda 05:57",86000.0,,4.0,4.0,Chilonzor
Ялангач Новостройка  Жил.Комп.  2/1/6  площадь - 55 м2.,1 300 у.е.Kelishilgan,"Toshkent, Mirzo-Ulug‘bek tumani - Bugunda 05:57",1300.0,,55.0,55.0,Mirzo-Ulug‘bek
Юнусабад-4 Сезам 2/4/4 54м² балкон 2х6,57 000 у.е.,"Toshkent, Yunusobod tumani - Bugunda 05:57",57000.0,,54.0,54.0,Yunusobod
-Высокопотолочка‼️1 квартал 2/3/4 Кирпич,71 500 у.е.,"Toshkent, Chilonzor tumani - Bugunda 05:57",71500.0,,1.0,1.0,Chilonzor
Yunus Obod ro’parasida TURKISTAN 16 etaj 58kv,61 000 у.е.Kelishilgan,"Toshkent, Yunusobod tumani - 05/02/2026",61000.0,,58.0,58.0,Yunusobod
Метро Дустлик новостройка 1/4/5  29 кв (Жахонгир 106243),47 000 у.е.,"Toshkent, Yashnobod tumani - Bugunda 05:56",47000.0,,29.0,29.0,Yashnobod
ГАБУС 9 комнат метро Ойбек Les Ailes 566м2 с ремонтом,1 000 000 у.е.,"Toshkent, Mirobod tumani - Bugunda 05:56",1000000.0,,566.0,566.0,Mirobod
Срочно! 4-комнатная /3/11 квартира на Б.И.Й (Элбек) 110130,184 900 у.е.,"Toshkent, Mirzo-Ulug‘bek tumani - Bugunda 05:56",184900.0,,11.0,11.0,Mirzo-Ulug‘bek
ЖК Акай Сити 3/3/21 95м2 плюс терраса,232 000 у.е.,"Toshkent, Mirzo-Ulug‘bek tumani - Bugunda 05:56",232000.0,,95.0,95.0,Mirzo-Ulug‘bek
Чиланзар 3 квартал 2в3/9/10 Новостройка Евро,119 999 у.е.,"Toshkent, Chilonzor tumani - Bugunda 05:56",119999.0,,3.0,3.0,Chilonzor
NRG Meros Новостройка коробка 52 м²,88 500 у.е.Kelishilgan,"Toshkent, Mirobod tumani - Bugunda 05:13",88500.0,,52.0,52.0,Mirobod
"СРОЧНО Продается своя квартира 120м2 ( Алайский ,Ц4 )",150 000 у.е.,"Toshkent, Yakkasaroy tumani - 05/02/2026",150000.0,,120.0,120.0,Yakkasaroy
Спутник 8. Дом 32 квартира 6.  1 ком квартиру с ремонтом . 2/2 акфа.,28 800 у.е.,"Toshkent, Sirg‘ali tumani - Bugunda 05:55",28800.0,,32.0,32.0,Boshqa
Ozmakon 3/11/16 новый ремонт 64м2 Узбум кадастр есть,135 000 у.е.,"Toshkent, Mirobod tumani - Bugunda 05:55",135000.0,,64.0,64.0,Mirobod
ЖК КИПАРИС 3/2/9 коробка 106м2 Ц4 ор Шедевр,165 000 у.е.,"Toshkent, Yunusobod tumani - Bugunda 05:55",165000.0,,106.0,106.0,Yunusobod
! Разделка 2ком‼️Меб+Тех 6кв Чиланзара,69 500 у.е.,"Toshkent, Chilonzor tumani - Bugunda 05:55",69500.0,,6.0,6.0,Chilonzor
"ПРОДАЕТСЯ КВАРТИРА!3х комн,100м2|ЖК Gardens сну",515 000 у.е.Kelishilgan,"Toshkent, Shayxontohur tumani - Bugunda 05:55",515000.0,,100.0,100.0,Shayxontohur
ЖК New Life 4/2/10 Махтумкули новый ремонт 112м2,225 000 у.е.,"Toshkent, Yashnobod tumani - Bugunda 05:55",225000.0,,112.0,112.0,Yashnobod
ЖК БАРОККО 2/7/10 новый ремонт 83м2 метро Минор,165 000 у.е.,"Toshkent, Yunusobod tumani - Bugunda 05:54",165000.0,,83.0,83.0,Yunusobod
ул Нукус ор быв Гламур 2/3/9 Евролюкс новая квартира 60м2,127 000 у.е.,"Toshkent, Mirobod tumani - Bugunda 05:54",127000.0,,60.0,60.0,Mirobod
ЖК Грин Парк 4 комнаты Махтумкули улица 86м2,145 000 у.е.,"Toshkent, Yashnobod tumani - Bugunda 05:54",145000.0,,86.0,86.0,Yashnobod
Чилонзор 4 кв 2/3/5,35 500 у.е.Kelishilgan,"Toshkent, Shayxontohur tumani - Bugunda 05:53",35500.0,,4.0,4.0,Shayxontohur
| Метро М. Улугбек ‼️ 1/3/4 Балкон 1/3 4кв Чиланзара,46 500 у.е.,"Toshkent, Chilonzor tumani - Bugunda 05:53",46500.0,,4.0,4.0,Chilonzor
